"CodMan","CodFam","Descri","Salari","Superv","FecMan"
"1-1-1","01","OBRERO DE 1RA","2,55","","3/1/2024 12:00:00 a. m."
"1-1-2","01","AYUDANTE","2,77","","3/1/2024 12:00:00 a. m."
"1-1.1","01","OBRERO DE 1RA -N1","2,55","","3/1/2024 12:00:00 a. m."
"1-1.2","01","AYUDANTE - TABULADOR CONSTRUCCION -N2","2,77","","3/1/2024 12:00:00 a. m."
"1-3.1","01","VIGILANTE -N1","2,55","","3/1/2024 12:00:00 a. m."
"10-6.3","01","CAUCHERO -N3","2,88","","3/1/2024 12:00:00 a. m."
"10-7-1","01","SOLDADOR DE 3RA","2,88","","3/1/2024 12:00:00 a. m."
"10-7.1","01","SOLDADOR DE 3RA -N3","2,88","","3/1/2024 12:00:00 a. m."
"11-1-3","01","CAPORAL","2,88","","3/1/2024 12:00:00 a. m."
"11-1.3","01","CAPORAL -N3","2,88","","3/1/2024 12:00:00 a. m."
"11-2-4","01","CARPINTERO DE 2DA","2,88","","3/1/2024 12:00:00 a. m."
"11-2-8","01","CABILLERO DE 2DA","2,88","","3/1/2024 12:00:00 a. m."
"11-2.1","01","ALBAÑIL DE 2DA -N3","2,88","","3/1/2024 12:00:00 a. m."
"11-2.4","01","CARPINTERO DE 2DA -N3","2,88","","3/1/2024 12:00:00 a. m."
"11-2.8","01","CABILLERO DE 2DA -N3","2,88","","3/1/2024 12:00:00 a. m."
"11-211","01","PLOMERO DE 2DA -N3","2,88","","3/1/2024 12:00:00 a. m."
"11-214","01","ELECTRICISTA DE 2DA -N3","2,88","","3/1/2024 12:00:00 a. m."
"11-217","01","GRANITERO DE 2DA -N3","2,88","","3/1/2024 12:00:00 a. m."
"11-220","01","PINTOR DE 2DA -N3","2,88","","3/1/2024 12:00:00 a. m."
"11-223","01","IMPERMEABILIZADOR DE 2DA -N3","2,88","","3/1/2024 12:00:00 a. m."
"11-228","01","GÜINCHERO -N3","2,88","","3/1/2024 12:00:00 a. m."
"11-230","01","MAQUINISTA DE CONCRETO DE 1RA -N4","3,1","","3/1/2024 12:00:00 a. m."
"11-231","01","OPERADOR DE PLANTA FIJA DE 2DA -N3","2,88","","3/1/2024 12:00:00 a. m."
"11-5-2","01","OPERADOR DE EQUIPO LIVIANO","2,88","","3/1/2024 12:00:00 a. m."
"11-5.2","01","OPERADOR DE EQUIPO LIVIANO -N3","2,88","","3/1/2024 12:00:00 a. m."
"11-6.4","01","MECANICO DE GASOLINA DE 2DA -N3","2,88","","3/1/2024 12:00:00 a. m."
"11-7-2","01","SOLDADOR DE 2DA","3,1","","3/1/2024 12:00:00 a. m."
"11-7.2","01","SOLDADOR DE 2DA -N4","3,1","","3/1/2024 12:00:00 a. m."
"11-7.6","01","LATONERO DE 2DA -N3","2,88","","3/1/2024 12:00:00 a. m."
"11-7.8","01","INSTALADOR ELECTROMECANICO DE 2DA -N3","2,88","","3/1/2024 12:00:00 a. m."
"11-712","01","OPERADOR DE EQUIPO DE SANDBLASTING -N3","2,88","","3/1/2024 12:00:00 a. m."
"12-8.4","01","OPERADOR DE PAVIMENTADORA -N4","3,1","","3/1/2024 12:00:00 a. m."
"13-3-6","01","CHOFER DE 1RA ( DE 8 A 15 TON)","3,4","","3/1/2024 12:00:00 a. m."
"13-3.6","01","CHOFER DE 1RA ( DE 8 A 15 TON) -N5","3,4","","3/1/2024 12:00:00 a. m."
"14-6.5","01","MECANICO DE GASOLINA DE 1RA -N4","3,1","","3/1/2024 12:00:00 a. m."
"15-232","01","OPERADOR DE PLANTA FIJA DE 1RA -N4","3,1","","3/1/2024 12:00:00 a. m."
"16-3-7","01","CHOFER DE CAMION DE MAS DE 15 TON","3,42","","3/1/2024 12:00:00 a. m."
"16-3.7","01","CHOFER DE CAMION DE MAS DE 15 TON -N6","3,42","","3/1/2024 12:00:00 a. m."
"16-310","01","CHOFER DE CAMION MEZCLADOR -N6","3,42","","3/1/2024 12:00:00 a. m."
"17-4.3","01","DINAMITERO -N7","3,6","","3/1/2024 12:00:00 a. m."
"18-5.9","01","OPERADOR DE PALA HASTA 1 YARDA CUB -N4","3,1","","3/1/2024 12:00:00 a. m."
"19-2-2","01","ALBAÑIL DE 1RA","3,4","","3/1/2024 12:00:00 a. m."
"19-2-5","01","CARPINTERO DE 1RA","3,4","","3/1/2024 12:00:00 a. m."
"19-2-9","01","CABILLERO DE 1RA","3,4","","3/1/2024 12:00:00 a. m."
"19-2.2","01","ALBAÑIL DE 1RA -N5","3,4","","3/1/2024 12:00:00 a. m."
"19-2.5","01","CARPINTERO DE 1RA -N5","3,4","","3/1/2024 12:00:00 a. m."
"19-2.9","01","CABILLERO DE 1RA -N5","3,4","","3/1/2024 12:00:00 a. m."
"19-212","01","PLOMERO DE 1RA -N5","3,4","","3/1/2024 12:00:00 a. m."
"19-215","01","ELECTRICISTA DE 1RA -N5","3,4","","3/1/2024 12:00:00 a. m."
"19-218","01","GRANITERO DE 1RA -N5","3,4","","3/1/2024 12:00:00 a. m."
"19-221","01","PINTOR DE 1RA -N5","3,4","","3/1/2024 12:00:00 a. m."
"19-224","01","IMPERMEABILIZADOR DE 1RA -N5","3,4","","3/1/2024 12:00:00 a. m."
"19-5-3","01","OPERADOR DE EQUIPO PESADO DE 2DA","3,4","","3/1/2024 12:00:00 a. m."
"19-5.3","01","OPERADOR DE EQUIPO PESADO DE 2DA -N5","3,4","","3/1/2024 12:00:00 a. m."
"19-5.5","01","TRACTORISTA DE 2DA -N5","3,4","","3/1/2024 12:00:00 a. m."
"19-5.7","01","OPERADOR DE MOTOTRAILLA DE 2DA -N5","3,4","","3/1/2024 12:00:00 a. m."
"19-512","01","OPERADOR DE MOTONIVELADORA DE 2DA -N5","3,4","","3/1/2024 12:00:00 a. m."
"19-514","01","OPERADOR DE GRUA (GRUERO) DE 2DA -N5","3,4","","3/1/2024 12:00:00 a. m."
"19-6.6","01","MECANICO DE EQUIPO PESADO DE 2DA -N5","3,4","","3/1/2024 12:00:00 a. m."
"19-6.9","01","OPERADOR DE MAQUINAS-HERRAMIENTAS DE 2DA","3,4","","3/1/2024 12:00:00 a. m."
"19-7-3","01","SOLDADOR DE 1RA","3,4","","3/1/2024 12:00:00 a. m."
"19-7-5","01","MONTADOR","3,4","","3/1/2024 12:00:00 a. m."
"19-7.3","01","SOLDADOR DE 1RA -N5","3,4","","3/1/2024 12:00:00 a. m."
"19-7.4","01","TUBERO FABRICADOR -N5","3,4","","3/1/2024 12:00:00 a. m."
"19-7.5","01","MONTADOR -N5","3,4","","3/1/2024 12:00:00 a. m."
"19-7.7","01","LATONERO DE 1RA -N5","3,4","","3/1/2024 12:00:00 a. m."
"19-7.9","01","INSTALADOR ELECTROMECANICO DE 1RA -N5","3,4","","3/1/2024 12:00:00 a. m."
"19-710","01","LINIERO DE 1RA -N5","3,4","","3/1/2024 12:00:00 a. m."
"19-713","01","ALBAÑIL REFRACTARIO -N5","3,4","","3/1/2024 12:00:00 a. m."
"2-5-1","01","AYUDANTE DE OPERADORES","2,77","","3/1/2024 12:00:00 a. m."
"2-5.1","01","AYUDANTE DE OPERADORES -TABULADOR CONSTR","2,77","","3/1/2024 12:00:00 a. m."
"2-6-1","01","AYUDANTE DE MECANICO DIESEL","2,77","","3/1/2024 12:00:00 a. m."
"2-6.1","01","AYUDANTE DE MECANICO DIESEL - TABULADOR ","2,77","","3/1/2024 12:00:00 a. m."
"20-510","01","OPERADOR DE PALA DE MAS 1 YARDA CUB. DE ","3,42","","3/1/2024 12:00:00 a. m."
"21-3.9","01","CHOFER DE GANDOLA DE 2DA (15 A 40 TON) -","3,42","","3/1/2024 12:00:00 a. m."
"22-2.6","01","MAESTRO CARPINTERO DE 2DA -N6","3,42","","3/1/2024 12:00:00 a. m."
"22-515","01","OPERADOR DE GRUA (GRUERO) DE 1RA -N8","3,97","","3/1/2024 12:00:00 a. m."
"22-610","01","OPERADOR DE MAQUINAS-HERRAMIENTAS DE 1RA","3,97","","3/1/2024 12:00:00 a. m."
"23-3-9","01","CHOFER DE GANDOLA DE 1RA (TODO TON.)","3,6","","3/1/2024 12:00:00 a. m."
"23-3.9","01","CHOFER DE GANDOLA DE 1RA (TODO TON) -N7","3,6","","3/1/2024 12:00:00 a. m."
"24-2-3","01","MAESTRO ALBAÑIL","3,6","","3/1/2024 12:00:00 a. m."
"24-2-7","01","MAESTRO CARPINTERO DE 1RA","3,6","","3/1/2024 12:00:00 a. m."
"24-2.3","01","MAESTRO ALBAÑIL -N7","3,6","","3/1/2024 12:00:00 a. m."
"24-2.7","01","MAESTRO CARPINTERO DE 1RA -N7","3,6","","3/1/2024 12:00:00 a. m."
"24-210","01","MAESTRO CABILLERO -N7","3,6","","3/1/2024 12:00:00 a. m."
"24-213","01","MAESTRO PLOMERO DE 1RA -N7","3,6","","3/1/2024 12:00:00 a. m."
"24-216","01","MAESTRO ELECTRICISTA -N7","3,6","","3/1/2024 12:00:00 a. m."
"24-219","01","MAESTRO GRANITERO -N7","3,6","","3/1/2024 12:00:00 a. m."
"24-222","01","MAESTRO PINTOR -N7","3,6","","3/1/2024 12:00:00 a. m."
"24-225","01","MAESTRO IMPERMEABILIZADOR -N7","3,6","","3/1/2024 12:00:00 a. m."
"24-226","01","MAESTRO DE OBRA DE 2DA -N7","3,6","","3/1/2024 12:00:00 a. m."
"24-4.4","01","MAESTRO DE VOLADURAS -N8","3,97","","3/1/2024 12:00:00 a. m."
"24-5-4","01","OPERADOR DE EQUIPO PESADO DE 1RA","3,97","","3/1/2024 12:00:00 a. m."
"24-5-6","01","TRACTORISTA DE 1RA","3,97","","3/1/2024 12:00:00 a. m."
"24-5.4","01","OPERADOR DE EQUIPO PESADO DE 1RA -N8","3,97","","3/1/2024 12:00:00 a. m."
"24-5.6","01","TRACTORISTA DE 1RA  -N8","3,97","","3/1/2024 12:00:00 a. m."
"24-511","01","OPERADOR DE PALA DE MAS 1 YARDA CUB. DE ","3,97","","3/1/2024 12:00:00 a. m."
"24-513","01","OPERADOR DE MOTONIVELADORA DE 1RA","3,97","","3/1/2024 12:00:00 a. m."
"24-516","01","CAPORAL DE EQUIPO -N7","3,6","","3/1/2024 12:00:00 a. m."
"24-6.7","01","MECANICO DE EQUIPO PESADO DE 1RA -N8","3,97","","3/1/2024 12:00:00 a. m."
"24-711","01","MAESTRO DE OBRAS ELECTROMECANICAS -N7","3,6","","3/1/2024 12:00:00 a. m."
"25-227","01","MAESTRO DE OBRA DE 1RA -N9","4,08","","3/1/2024 12:00:00 a. m."
"25-5.8","01","OPERADOR DE MOTOTRAILLA DE 1RA -N8","3,97","","3/1/2024 12:00:00 a. m."
"25-513","01","OPERADOR DE MOTONIVELADORA DE 1RA -N8","3,97","","3/1/2024 12:00:00 a. m."
"25-6-7","01","MAESTRO MECANICO","4,08","","3/1/2024 12:00:00 a. m."
"25-6.7","01","MAESTRO MECANICO -N9","4,08","","3/1/2024 12:00:00 a. m."
"25-D01","01","DEPOSITARIO -N5","3,4","","3/1/2024 12:00:00 a. m."
"25-D02","01","DUCTERO -N5","3,4","","3/1/2024 12:00:00 a. m."
"25-D03","01","OPERADOR DE PLANTA -N8","3,97","","3/1/2024 12:00:00 a. m."
"25-D04","01","ALINEADOR DE GRUA (REGGE) -N7","3,6","","3/1/2024 12:00:00 a. m."
"25-D05","01","ARMADOR METALICO -N5","3,4","","3/1/2024 12:00:00 a. m."
"25-D06","01","PROYECTADOR DE CONCRETO -N6","3,42","","3/1/2024 12:00:00 a. m."
"25-D07","01","OPERADOR DE ALIVA -N8","3,97","","3/1/2024 12:00:00 a. m."
"25-D08","01","CHOFER VOLTEO 30 O MAS TONELADAS -N6","3,42","","3/1/2024 12:00:00 a. m."
"25-D09","01","PALERO ASFALTICO -N2","2,77","","3/1/2024 12:00:00 a. m."
"25-D10","01","MINERO -N7","3,6","","3/1/2024 12:00:00 a. m."
"3-3.2","01","AUXILIAR DE DEPOSITO -N2","2,77","","3/1/2024 12:00:00 a. m."
"3-4-1","01","OPERADOR DE MARTILLO PERFORADOR","2,77","","3/1/2024 12:00:00 a. m."
"3-4.1","01","OPERADOR DE MARTILLO PERFORADOR -N2","2,77","","3/1/2024 12:00:00 a. m."
"3-8-1","01","AYUDANTE DE TOPOGRAFO","2,77","","3/1/2024 12:00:00 a. m."
"3-8-2","01","RASTRILLERO","2,77","","3/1/2024 12:00:00 a. m."
"3-8.1","01","AYUDANTE DE TOPOGRAFO -TABULADOR CONST -","2,77","","3/1/2024 12:00:00 a. m."
"3-8.2","01","RASTRILLERO -N2","2,77","","3/1/2024 12:00:00 a. m."
"4-3-3","01","CHOFER DE 4TA","2,77","","3/1/2024 12:00:00 a. m."
"4-3.3","01","CHOFER DE 4TA -N2","2,77","","3/1/2024 12:00:00 a. m."
"5-8-3","01","ESPESORISTA","2,77","","3/1/2024 12:00:00 a. m."
"5-8.3","01","ESPESORISTA -N2","2,77","","3/1/2024 12:00:00 a. m."
"6-2-29","01","MAQUINISTA DE CONCRETO DE 2DA","2,88","","3/1/2024 12:00:00 a. m."
"6-2.29","01","MAQUINISTA DE CONCRETO DE 2DA -N3","2,88","","3/1/2024 12:00:00 a. m."
"7-3-4","01","CHOFER DE 3RA (HASTA 3 TON)","2,88","","3/1/2024 12:00:00 a. m."
"7-3.4","01","CHOFER DE 3RA (HASTA 3 TON) -N3","2,88","","3/1/2024 12:00:00 a. m."
"7-6-2","01","ENGRASADOR","2,88","","3/1/2024 12:00:00 a. m."
"7-6.2","01","ENGRASADOR -N3","2,88","","3/1/2024 12:00:00 a. m."
"8-3-5","01","CHOFER DE 2DA (DE 3 A 8 TON)","3,1","","3/1/2024 12:00:00 a. m."
"8-3.5","01","CHOFER DE 2DA (DE 3 A 8 TON) -N4","3,1","","3/1/2024 12:00:00 a. m."
"9-4.2","01","OPERADOR DE EQUIPO PERFORADOR -N3","2,88","","3/1/2024 12:00:00 a. m."
"CUC002","01","CUADRILLA DE ELABORACION DE CONCRETO","15,34","","3/1/2024 12:00:00 a. m."
"CUC003","01","CUADRILLA DE CARPINTERIA","20,85","","3/1/2024 12:00:00 a. m."
"CUC004","01","CUADRILLA DE CABILLA","22,96","","3/1/2024 12:00:00 a. m."
"CUC005","01","CUADRILLA DE IMPERMEABILIZACION","18,05","","3/1/2024 12:00:00 a. m."
"CUC006","01","CUADRILLA DE ALBAÑILERIA","15,94","","3/1/2024 12:00:00 a. m."
"CUC007","01","CUADRILLA DE GRANITO","25,62","","3/1/2024 12:00:00 a. m."
"CUC008","01","CUADRILLA DE PINTURA","15,42","","3/1/2024 12:00:00 a. m."
"CUC009","01","CUADRILLA DE TUBEROS ELECTRICOS","11,8","","3/1/2024 12:00:00 a. m."
"CUC010","01","CUADRILLA DE PLOMERIA","20,52","","3/1/2024 12:00:00 a. m."
"CUC011","01","CUADRILLA DE EXCAVACION MECANICA","14,87","","3/1/2024 12:00:00 a. m."
"CUC012","01","CUADRILLA DE COMPACTACION MECANICA","14,35","","3/1/2024 12:00:00 a. m."
"CUC013","01","CUADRILLA DE MOV. TIERRAS C/EQUIPO LIVIA","14,35","","3/1/2024 12:00:00 a. m."
"CUC014","01","CUADRILLA DE MOVIMIENTO DE TIERRAS MANUA","13,08","","3/1/2024 12:00:00 a. m."
"CUC016","01","CUADRILLA DE ELECTRICIDAD","15,42","","3/1/2024 12:00:00 a. m."
"CUC018","01","CUADRILLA DE DEMOLICION MANUAL","13,08","","3/1/2024 12:00:00 a. m."
"CUC019","01","CUADRILLA DE DEMOLICION CON COMPRESOR","19,17","","3/1/2024 12:00:00 a. m."
"CUC020","01","CUADRILLA DE ESTRUCTURAS METALICAS","27,17","","3/1/2024 12:00:00 a. m."
"CUC021","01","CUADRILLA DE FABRICACION ESTRUC. METALIC","21,22","","3/1/2024 12:00:00 a. m."
"CUC022","01","CUADRILLA DE MONTAJE DE ESTRUCT. METALIC","33,12","","3/1/2024 12:00:00 a. m."
"CUC023","01","CUADRILLA PARA TRABAJOS DE HERRERIA","14,08","","3/1/2024 12:00:00 a. m."
"CUC024","01","CUADRILLA DE OBREROS ESPECIALISTAS","11,25","","3/1/2024 12:00:00 a. m."
"CUU001","01","CUADRILLA DE COLOC. TUBERIA DE ACERO","18,3","","3/1/2024 12:00:00 a. m."
"CUU002","01","CUADRILLA DE SOLDADURA DE TUBERIA","21,52","","3/1/2024 12:00:00 a. m."
"CUU003","01","CUADRILLA DE ALCANTARILLA","18,12","","3/1/2024 12:00:00 a. m."
"CUU004","01","CUADRILLA DE COLOCACION DE CONCRETO","5,44","","3/1/2024 12:00:00 a. m."
"CUU005","01","CUADRILLA PARA DRENAJES DE CONCRETO","34,3","","3/1/2024 12:00:00 a. m."
"CUU006","01","CUADRILLA DE CONCRETO PAVIMENTOS","42,17","","3/1/2024 12:00:00 a. m."
"CUU007","01","CUADRILLA DE CONCRETO PUENTES / PONTONES","38,11","","3/1/2024 12:00:00 a. m."
"CUU008","01","CUADRILLA DE CONCRETO P/OBRAS DE ARTE","44,83","","3/1/2024 12:00:00 a. m."
"CUU009","01","CUADRILLA DE CONCRETO","37,15","","3/1/2024 12:00:00 a. m."
"CUU010","01","CUADRILLA DE CONCRETO PARA CUNETAS","28,76","","3/1/2024 12:00:00 a. m."
"CUU011","01","CUADRILLA DE BOCA DE VISITA","18,86","","3/1/2024 12:00:00 a. m."
"CUU012","01","CUADRILLA DE TUBERIA H.F.D.","18,12","","3/1/2024 12:00:00 a. m."
"CUU013","01","CUADRILLA DE TUBERIA P.V.C.","10,76","","3/1/2024 12:00:00 a. m."
"CUU014","01","CUADRILLA DE TUBERIA DE CONCRETO","20,67","","3/1/2024 12:00:00 a. m."
"CUU015","01","CUADRILLA DE TUBERIA DE FIBROCEMENTO","21,52","","3/1/2024 12:00:00 a. m."
"CUU016","01","CUADRILLA CONCRETO ANCLAJES","21,74","","3/1/2024 12:00:00 a. m."
"CUU017","01","CUADRILLA DE PINTURA TUBERIAS","15,94","","3/1/2024 12:00:00 a. m."
"CUU018","01","CUADRILLA DE CANALIZACION","27,06","","3/1/2024 12:00:00 a. m."
"DIS001","01","INGENIERO CIVIL P-7 (C1V 14 A 15 AÑOS DE","16,85","","3/1/2024 12:00:00 a. m."
"DIS002","01","ARQUITECTO P-2 (CIV 4 A 5 AÑOS EXPER.)","9,97","","3/1/2024 12:00:00 a. m."
"DIS003","01","ARQUITECTO PAISAJISTA P-3  (CIV 6 A 7 AÑ","11,31","","3/1/2024 12:00:00 a. m."
"DIS004","01","INGENIERO SANITARIO CIV P-7","16,85","","3/1/2024 12:00:00 a. m."
"DIS005","01","INGENIERO ELECTRICISTA CIV P-7","16,85","","3/1/2024 12:00:00 a. m."
"DIS006","01","INGENIERO GEODESTA CIV P-7","16,85","","3/1/2024 12:00:00 a. m."
"DIS007","01","INGENIERO MECÁNICO CIV P-7","16,85","","3/1/2024 12:00:00 a. m."
"DIS008","01","INGENIERO CIV P-7","16,85","","3/1/2024 12:00:00 a. m."
"DIS009","01","PASAJE Y TRASLADOS","9,93","","3/1/2024 12:00:00 a. m."
"DIS010","01","VIATICOS","12,77","","3/1/2024 12:00:00 a. m."
"DIS011","01","BUZO","7,09","","3/1/2024 12:00:00 a. m."
"DIS012","01","ARQUITECTO P-5 (CIV 10 A 11 AÑOS EXPER.)","14,08","","3/1/2024 12:00:00 a. m."
"DIS013","01","ARQUITECTO P-7 (CIV 14 A 15 AÑOS EXPER.)","16,85","","3/1/2024 12:00:00 a. m."
"DIS014","01","INGENIERO HIDRAULICO P-7 (CIV 14 A 15 AÑ","16,85","","3/1/2024 12:00:00 a. m."
"DIS015","01","PROFESIONAL CIV P-9  (19 A 20 AÑOS EXPER","20,26","","3/1/2024 12:00:00 a. m."
"DIS016","01","PROFESIONAL CIV P-9A  (24 A 25 AÑOS EXPE","23,73","","3/1/2024 12:00:00 a. m."
"DIS017","01","PROFESIONAL CIV P-7  (13  A 14 AÑOS EXPE","16,16","","3/1/2024 12:00:00 a. m."
"DIS018","01","INGENIERO CIVIL P-1 (CIV 0 A 1 AÑO EXPER","7,2","","3/1/2024 12:00:00 a. m."
"DIS020","01","INGENIERO ASESOR CIV P-1O (MAS DE 30 AÑO","27,83","","3/1/2024 12:00:00 a. m."
"DTC001","01","ASISTENTE DE INGENIERO","2,84","","3/1/2024 12:00:00 a. m."
"DTC002","01","ASISTENTE DE ARQUITECTO","2,84","","3/1/2024 12:00:00 a. m."
"DTC003","01","TOPOGRAFO CON EQUIPO Y AUXILIAR","17,03","","3/1/2024 12:00:00 a. m."
"DTC004","01","DISEÑADOR GRAFICO","2,84","","3/1/2024 12:00:00 a. m."
"DTC005","01","TOPOGRAFO","4,26","","3/1/2024 12:00:00 a. m."
"DTC006","01","DIBUJANTE","2,84","","3/1/2024 12:00:00 a. m."
"DTC007","01","COMPUTISTA","2,84","","3/1/2024 12:00:00 a. m."
"DTC008","01","CALCULISTA","2,84","","3/1/2024 12:00:00 a. m."
"ECU001","01","PEON E2 /ECUADOR $","0","","3/1/2024 12:00:00 a. m."
"ECU002","01","ALBAÑIL D2 /ECUADOR $","0","","3/1/2024 12:00:00 a. m."
"ECU003","01","MAESTRO MAYOR OBRAS CIVILES C1 /ECUADOR ","0","","3/1/2024 12:00:00 a. m."
"ECU004","01","PERFORADOR /OPERADOR/TECNICO C2 /ECUADOR","0","","3/1/2024 12:00:00 a. m."
"ECU005","01","INSPECTOR  / SUPERVISOR /ECUADOR $","0","","3/1/2024 12:00:00 a. m."
"ESP001","01","CERRAJERO","4,08","","3/1/2024 12:00:00 a. m."
"ESP002","01","JARDINERO","2,88","","3/1/2024 12:00:00 a. m."
"ESP003","01","OFICIAL ESPECIALISTA DE 2DA","2,88","","3/1/2024 12:00:00 a. m."
"ESP004","01","CHEQUEADOR","2,88","","3/1/2024 12:00:00 a. m."
"ESP005","01","VIGILANTE ARMADO DE SEGURIDAD","3,4","","3/1/2024 12:00:00 a. m."
"ESP006","01","SUPERVISOR DE OBRA","5,68","","3/1/2024 12:00:00 a. m."
"ESP007","01","RAPELERO / TRABAJO DE RAPEL-FACAHADAS","3,07","","3/1/2024 12:00:00 a. m."
"ESP008","01","RAPELERO PINTOR / TRABAJO DE RAPEL-FACAH","3,07","","3/1/2024 12:00:00 a. m."
"ESP009","01","TECNICO DE GAS","2,84","","3/1/2024 12:00:00 a. m."
"ESP010","01","TECNICO DE REDES","2,84","","3/1/2024 12:00:00 a. m."
"LAB001","01","AUXILIAR DE LABORATORISTA","2,84","","3/1/2024 12:00:00 a. m."
"LAB002","01","LABORATORISTA I","2,84","","3/1/2024 12:00:00 a. m."
"LAB003","01","LABORATORISTA II","2,84","","3/1/2024 12:00:00 a. m."
"LAB005","01","LABORATORISTA JEFE","4,26","","3/1/2024 12:00:00 a. m."
"LAB006","01","INGENIERO DE SUELOS CIV P-7","16,85","","3/1/2024 12:00:00 a. m."
"LIB001","01","JEFE DE PLANTA","5,68","","3/1/2024 12:00:00 a. m."
"LIB002","01","CAPATAZ DE FABRICACION","2,84","","3/1/2024 12:00:00 a. m."
"LIB003","01","CAPATAZ DE GALVANIZADO","2,84","","3/1/2024 12:00:00 a. m."
"LIB004","01","GALVANIZADOR","4,08","","3/1/2024 12:00:00 a. m."
"PAN001","01","PEON O AYUDANTE /PRIVADO-PANAMA $","0","","3/1/2024 12:00:00 a. m."
"PAN002","01","PRINCIPIANTE /PRIVADO-PANAMA $","0","","3/1/2024 12:00:00 a. m."
"PAN003","01","CALIFICADO /PRIVADO-PANAMA $","0","","3/1/2024 12:00:00 a. m."
"PAN004","01","ESPECIALIZADO /SECTOR PRVADO PANAMA $","0","","3/1/2024 12:00:00 a. m."
"PAN005","01","PEON O AYUDANTE /SECT PUBLICO-PANAMA $","0","","3/1/2024 12:00:00 a. m."
"PAN006","01","PRINCIPIANTE /SECT PUBLICO-PANAMA $","0","","3/1/2024 12:00:00 a. m."
"PAN007","01","CALIFICADO /SECT PUBLICO-PANAMA $","0","","3/1/2024 12:00:00 a. m."
"PAN008","01","SOLDADOR DE 1RA EN CAMPO/-PANAMA $","0","","3/1/2024 12:00:00 a. m."
"PAN009","01","SOLDADOR DE 1RA EN TALLER/-PANAMA $","0","","3/1/2024 12:00:00 a. m."
"PE$001","01","TRABAJADOR SECTOR  PETROLERO N1 ($ VE)","0","","3/1/2024 12:00:00 a. m."
"PE$002","01","TRABAJADOR SECTOR  PETROLERO N2 ($ VE)","0","","3/1/2024 12:00:00 a. m."
"PE$003","01","TRABAJADOR SECTOR  PETROLERO N3 ($ VE)","0","","3/1/2024 12:00:00 a. m."
"PE$004","01","TRABAJADOR SECTOR  PETROLERO N4 ($ VE)","0","","3/1/2024 12:00:00 a. m."
"PE$005","01","TRABAJADOR SECTOR  PETROLERO N5 ($ VE)","0","","3/1/2024 12:00:00 a. m."
"PE$006","01","TRABAJADOR SECTOR  PETROLERO N6 ($ VE)","0","","3/1/2024 12:00:00 a. m."
"PE$007","01","TRABAJADOR SECTOR  PETROLERO N7 ($ VE)","0","","3/1/2024 12:00:00 a. m."
"PE$008","01","TRABAJADOR SECTOR  PETROLERO N8 ($ VE)","0","","3/1/2024 12:00:00 a. m."
"PE$009","01","TRABAJADOR SECTOR  PETROLERO N9 ($ VE)","0","","3/1/2024 12:00:00 a. m."
"PE$010","01","TRABAJADOR SECTOR  PETROLERO N10 ($ VE)","0","","3/1/2024 12:00:00 a. m."
"PER001","01","OPERARIO /PERU $","0","","3/1/2024 12:00:00 a. m."
"PER002","01","OFICIAL  /PERU $","0","","3/1/2024 12:00:00 a. m."
"PER003","01","PEON  /PERU $","0","","3/1/2024 12:00:00 a. m."
"PET001","01","ACEITERO DE BARCO (SECTOR PETROLERO) N4","0,51","","3/1/2024 12:00:00 a. m."
"PET002","01","AFORADOR DE TANQUES (SECTOR PETROLERO) N","0,51","","3/1/2024 12:00:00 a. m."
"PET003","01","AISLADOR '"A'" (SECTOR PETROLERO) N6","0,51","","3/1/2024 12:00:00 a. m."
"PET004","01","AISLADOR '"B'" (SECTOR PETROLERO) N4","0,51","","3/1/2024 12:00:00 a. m."
"PET005","01","ALBAÑIL '"A'"  (SECTOR PETROLERO) N8","0,51","","3/1/2024 12:00:00 a. m."
"PET006","01","ALBAÑIL '"B'" (SECTOR PETROLERO) N5","0,51","","3/1/2024 12:00:00 a. m."
"PET007","01","ALBAÑIL AYUDANTE (SECTOR PETROLERO) N2","0,51","","3/1/2024 12:00:00 a. m."
"PET008","01","APAREJADOR REFINERIA '"A'" (SECT PETROLERO","0,51","","3/1/2024 12:00:00 a. m."
"PET009","01","APAREJADOR REFINERIA '"B'" (SECT PETROLERO","0,51","","3/1/2024 12:00:00 a. m."
"PET010","01","ARMADOR CABRIAS '"A'" (SECTOR PETROLERO) N","0,51","","3/1/2024 12:00:00 a. m."
"PET011","01","ARMADOR CABRIAS '"B'" (SECTOR PETROLERO) N","0,51","","3/1/2024 12:00:00 a. m."
"PET012","01","ARMADOR TUBERIAS '"A'" (SECTOR PETROLERO) ","0,51","","3/1/2024 12:00:00 a. m."
"PET013","01","ARMADOR TUBERIAS '"B'" (SECTOR PETROLERO) ","0,51","","3/1/2024 12:00:00 a. m."
"PET014","01","ARMADOR TUBERIAS '"C'" (SECTOR PETROLERO) ","0,51","","3/1/2024 12:00:00 a. m."
"PET015","01","ARMADOR TUBERIAS AYUD. (SECTOR PETROLERO","0,51","","3/1/2024 12:00:00 a. m."
"PET016","01","AUXILIAR COMISARIATO (SECTOR PETROLERO) ","0,51","","3/1/2024 12:00:00 a. m."
"PET017","01","BOMBERO CONTRA INCENDIO '"A'" (SECT. PETRO","0,51","","3/1/2024 12:00:00 a. m."
"PET018","01","BOMBERO CONTRA INCENDIO '"B'" (SECT. PETRO","0,51","","3/1/2024 12:00:00 a. m."
"PET019","01","BUZO INDUSTRIAL (SECTOR PETROLERO) N8","0,51","","3/1/2024 12:00:00 a. m."
"PET020","01","CABILLERO (SECTOR PETROLERO) N3","0,51","","3/1/2024 12:00:00 a. m."
"PET021","01","CABILLERO AYUDANTE (SECTOR PETROLERO) N2","0,51","","3/1/2024 12:00:00 a. m."
"PET022","01","CABILLERO B (SECTOR PETROLERO) N2","0,51","","3/1/2024 12:00:00 a. m."
"PET023","01","CAMARERO '"A'" (SECTOR PETROLERO) N1-","0,51","","3/1/2024 12:00:00 a. m."
"PET024","01","CAPORAL '"A'" (SECTOR PETROLERO) N8","0,51","","3/1/2024 12:00:00 a. m."
"PET025","01","CAPORAL '"B'" (SECTOR PETROLERO) N6","0,51","","3/1/2024 12:00:00 a. m."
"PET026","01","CARPINTERO '"A'" (SECTOR PETROLERO) N8","0,51","","3/1/2024 12:00:00 a. m."
"PET027","01","CARPINTERO '"B'" (SECTOR PETROLERO) N5","0,51","","3/1/2024 12:00:00 a. m."
"PET028","01","CARRETERO/CADENERO TALADRO (SECT. PETROL","0,51","","3/1/2024 12:00:00 a. m."
"PET029","01","CHOFER '"A'" (SECTOR PETROLERO) N7","0,51","","3/1/2024 12:00:00 a. m."
"PET030","01","CHOFER '"B'" (SECTOR PETROLERO) N5","0,51","","3/1/2024 12:00:00 a. m."
"PET031","01","CHOFER ABASTECEDOR AEROPUERTO (SECT PETR","0,51","","3/1/2024 12:00:00 a. m."
"PET032","01","CHOFER COBRADOR ESPECIAL (SECTOR PETROLE","0,51","","3/1/2024 12:00:00 a. m."
"PET033","01","CHOFER ESPECIAL VEH. 30 TON (SECT PETROL","0,51","","3/1/2024 12:00:00 a. m."
"PET034","01","COCINERO '"A'" (SECTOR PETROLERO) N9","0,51","","3/1/2024 12:00:00 a. m."
"PET035","01","COCINERO '"B'" (SECTOR PETROLERO) N8","0,51","","3/1/2024 12:00:00 a. m."
"PET036","01","COCINERO '"C'" (SECTOR PETROLERO) N5","0,51","","3/1/2024 12:00:00 a. m."
"PET037","01","DESPACHADOR HERRAMIEMTAS '"A'" (SECT PETRO","0,51","","3/1/2024 12:00:00 a. m."
"PET038","01","DESPACHADOR HERRAMIENTAS '"B'" (SECT PETRO","0,51","","3/1/2024 12:00:00 a. m."
"PET039","01","DINAMITERO (SECTOR PETROLERO) N8","0,51","","3/1/2024 12:00:00 a. m."
"PET040","01","ELECTRICISTA '"A'" (SECTOR PETROLERO) N9","0,51","","3/1/2024 12:00:00 a. m."
"PET041","01","ELECTRICISTA '"B'" (SECTOR PETROLERO) N8","0,51","","3/1/2024 12:00:00 a. m."
"PET042","01","ELECTRICISTA '"C'" (SECTOR PETROLERO) N6","0,51","","3/1/2024 12:00:00 a. m."
"PET043","01","ELECTRICISTA AYUDANTE (SECTOR PETROLERO)","0,51","","3/1/2024 12:00:00 a. m."
"PET044","01","EMBARC. DESEMB. DE PETROLEO (SECTOR PETR","0,51","","3/1/2024 12:00:00 a. m."
"PET045","01","ENCUELLADOR (SECTOR PETROLERO) N6","0,51","","3/1/2024 12:00:00 a. m."
"PET046","01","ESTIBADOR (SECTOR PETROLERO) N1-","0,51","","3/1/2024 12:00:00 a. m."
"PET047","01","FABRICADOR DE ESTRUCT METAL. AYUD (SECT ","0,51","","3/1/2024 12:00:00 a. m."
"PET048","01","FABRICADOR DE ESTR. METALICA '"A'" (SECT P","0,51","","3/1/2024 12:00:00 a. m."
"PET049","01","FABRICADOR DE ESTR METALICA '"B'" (SECT PE","0,51","","3/1/2024 12:00:00 a. m."
"PET050","01","FABRICADOR DE ESTR. METALICA '"C'" (SECT. ","0,51","","3/1/2024 12:00:00 a. m."
"PET051","01","INSTALADOR GAS '"A'" (SECTOR PETROLERO) N7","0,51","","3/1/2024 12:00:00 a. m."
"PET052","01","INSTALADOR GAS '"B'" (SECTOR PETROLERO) N6","0,51","","3/1/2024 12:00:00 a. m."
"PET053","01","LIMPIADOR (SECTOR PETROLERO) N2","0,51","","3/1/2024 12:00:00 a. m."
"PET054","01","MAESTRO DE VOLADURAS (SECTOR PETROLERO) ","0,51","","3/1/2024 12:00:00 a. m."
"PET055","01","MAQUINISTA UNIDADES PESADAS (SECTOR PETR","0,51","","3/1/2024 12:00:00 a. m."
"PET056","01","MARINERO (SECTOR PETROLERO) N3","0,51","","3/1/2024 12:00:00 a. m."
"PET057","01","MECANICO AUTOMOTRIZ '"A'" (SECTOR PETROLER","0,51","","3/1/2024 12:00:00 a. m."
"PET058","01","MECANICO AUTOMOTRIZ '"B'" (SECTOR PETROLER","0,51","","3/1/2024 12:00:00 a. m."
"PET059","01","MECANICO AUTOMOTRIZ '"C'" (SECTOR PETROLER","0,51","","3/1/2024 12:00:00 a. m."
"PET060","01","MECANICO AYUDANTE (SECTOR PETROLERO) N3","0,51","","3/1/2024 12:00:00 a. m."
"PET061","01","INSTRUMENTISTA AYUDANTE (SECTOR PETROLER","0,51","","3/1/2024 12:00:00 a. m."
"PET062","01","INSTRUMENTISTA MANTENIMIENTO A (SECT PET","0,51","","3/1/2024 12:00:00 a. m."
"PET063","01","INSTRUMENTISTA DE MANTENIMIENTO B (SECT ","0,51","","3/1/2024 12:00:00 a. m."
"PET064","01","INSTRUMENTISTA DE MANTENIMIENTO C (SECT ","0,51","","3/1/2024 12:00:00 a. m."
"PET065","01","MECANICO DE REFRIGERACION '"A'" (SECT PETR","0,51","","3/1/2024 12:00:00 a. m."
"PET066","01","MECANICO DE REFRIGERACION '"B'" (SECT PETR","0,51","","3/1/2024 12:00:00 a. m."
"PET067","01","MECANICO DE REFRIGERACION '"C'" (SECT PETR","0,51","","3/1/2024 12:00:00 a. m."
"PET068","01","MECANICO DE REFRIGERACION AYUD (SECT PET","0,51","","3/1/2024 12:00:00 a. m."
"PET069","01","MOLDEADOR DE PARAFINA (SECTOR PETROLERO)","0,51","","3/1/2024 12:00:00 a. m."
"PET070","01","MOTORISTA (SECTOR PETROLERO) N5","0,51","","3/1/2024 12:00:00 a. m."
"PET071","01","MOTORISTA REMOLCADOR (SECTOR PETROLERO) ","0,51","","3/1/2024 12:00:00 a. m."
"PET072","01","OBRERO (SECTOR PETROLERO) N3","0,51","","3/1/2024 12:00:00 a. m."
"PET073","01","OBRERO DE COMEDOR (SECTOR PETROLERO) N3","0,51","","3/1/2024 12:00:00 a. m."
"PET074","01","OBRERO DE SISMOGRAFO (SECTOR PETROLERO) ","0,51","","3/1/2024 12:00:00 a. m."
"PET075","01","OBRERO DE TALADRO (SECTOR PETROLERO) N4","0,51","","3/1/2024 12:00:00 a. m."
"PET076","01","OFICIAL IMPERMEABILIZADOR '"A'" (SECTOR PE","0,51","","3/1/2024 12:00:00 a. m."
"PET077","01","OPERADOR EQUIPO LIMPIAR POZOS (SEC PETRO","0,51","","3/1/2024 12:00:00 a. m."
"PET078","01","OPERADOR EQUIPO LIMP. POZOS AYUD. (SECT ","0,51","","3/1/2024 12:00:00 a. m."
"PET079","01","OPERADOR DE GRUA PESADA MOVIBLE (SECT PE","0,51","","3/1/2024 12:00:00 a. m."
"PET080","01","OPER. INST. AGRIMENSURA '"A'" (SECTOR PETR","0,51","","3/1/2024 12:00:00 a. m."
"PET081","01","OPER. INST. AGRIMENSURA '"B'" (SECTOR PETR","0,51","","3/1/2024 12:00:00 a. m."
"PET082","01","CABILLERO A (SECTOR PETROLERO) N8","0,51","","3/1/2024 12:00:00 a. m."
"PET083","01","OPERADOR DE PLANTA '"A'" (SECTOR PETROLERO","0,51","","3/1/2024 12:00:00 a. m."
"PET084","01","OPERADOR DE PLANTA '"B'" (SECTOR PETROLERO","0,51","","3/1/2024 12:00:00 a. m."
"PET085","01","OPERADOR RETROEXCAV/CARGADORA (SECT PET)","0,51","","3/1/2024 12:00:00 a. m."
"PET086","01","OPERADOR TRACTOR CADENAS MOV. TIERRA (SE","0,51","","3/1/2024 12:00:00 a. m."
"PET087","01","OPERAD. TRACTOR PLUMA LAT.SIDEBOOM  (SEC","0,51","","3/1/2024 12:00:00 a. m."
"PET088","01","OPERADOR DE PRODUCCION '"A'" (SECTOR PETRO","0,51","","3/1/2024 12:00:00 a. m."
"PET089","01","OPERADOR DE PRODUCCION '"B'" (SECTOR PETRO","0,51","","3/1/2024 12:00:00 a. m."
"PET090","01","OPERADOR DE PRODUCCION '"C'" (SECTOR PETRO","0,51","","3/1/2024 12:00:00 a. m."
"PET091","01","OPERADOR DE PRODUCCION '"D'" (SECTOR PETRO","0,51","","3/1/2024 12:00:00 a. m."
"PET092","01","OPERADOR DE PRODUCCION '"E'" (SECTOR PETRO","0,51","","3/1/2024 12:00:00 a. m."
"PET093","01","OPERADOR DE REFINACION '"A'" (SECTOR PETRO","0,51","","3/1/2024 12:00:00 a. m."
"PET094","01","OPERADOR DE REFINACION '"B'" (SECTOR PETRO","0,51","","3/1/2024 12:00:00 a. m."
"PET095","01","OPERADOR DE REFINACION '"C'" (SECTOR PETRO","0,51","","3/1/2024 12:00:00 a. m."
"PET096","01","OPERADOR DE REFINACION '"D'" (SECTOR PETRO","0,51","","3/1/2024 12:00:00 a. m."
"PET097","01","OPERADOR DE REFINACION '"E'" (SECTOR PETRO","0,51","","3/1/2024 12:00:00 a. m."
"PET098","01","MECANICO DE MANTENIMIENTO '"A'" (SECT PETR","0,51","","3/1/2024 12:00:00 a. m."
"PET099","01","MECANICO DE MANTENIMIENTO '"B'" (SECTOR PE","0,51","","3/1/2024 12:00:00 a. m."
"PET100","01","MECANICO DE MANTENIMIENTO '"C'" (SECTOR PE","0,51","","3/1/2024 12:00:00 a. m."
"PET101","01","MECANICO DE MANTENIMIENTO AYUD. (SECTOR ","0,51","","3/1/2024 12:00:00 a. m."
"PET102","01","OPERADOR DE EQUIPOS '"A'" (SECTOR PETROLER","0,51","","3/1/2024 12:00:00 a. m."
"PET103","01","OPERADOR DE EQUIPOS '"B'" (SECTOR PETROLER","0,51","","3/1/2024 12:00:00 a. m."
"PET104","01","OPERADOR DE EQUIPOS '"C'" (SECTOR PETROLER","0,51","","3/1/2024 12:00:00 a. m."
"PET105","01","OPERADOR DE GRUA FLOTANTE '"A'" (SECTOR PE","0,51","","3/1/2024 12:00:00 a. m."
"PET106","01","OPERADOR DE GRUA FLOTANTE '"B'" (SECTOR PE","0,51","","3/1/2024 12:00:00 a. m."
"PET107","01","OPERADOR DE GRUA PESADA (SECTOR PETROLER","0,51","","3/1/2024 12:00:00 a. m."
"PET108","01","OPERARIO '"A'" (SECTOR PETROLERO) N8","0,51","","3/1/2024 12:00:00 a. m."
"PET109","01","OPERARIO '"B'" (SECTOR PETROLERO) N3","0,51","","3/1/2024 12:00:00 a. m."
"PET110","01","OPERADOR EQUIP. MOVER TIERRA '"A'" (SECT P","0,51","","3/1/2024 12:00:00 a. m."
"PET111","01","OPERADOR EQUIP. MOVER TIERRA '"B'" (SECT P","0,51","","3/1/2024 12:00:00 a. m."
"PET112","01","OPERADOR EQUIP. MOVER TIERRA '"C'" (SECT P","0,51","","3/1/2024 12:00:00 a. m."
"PET113","01","PATRON (SECTOR PETROLERO) N8","0,51","","3/1/2024 12:00:00 a. m."
"PET114","01","PATRON DE LANCHA REMOLCADOR (SECTOR PETR","0,51","","3/1/2024 12:00:00 a. m."
"PET115","01","PERFORADOR (SECTOR PETROL) N10","0,51","","3/1/2024 12:00:00 a. m."
"PET116","01","PERFORADOR AYUDANTE (SECTOR PETROLERO) N","0,51","","3/1/2024 12:00:00 a. m."
"PET117","01","PINTOR '"A'" (SECTOR PETROLERO) N5","0,51","","3/1/2024 12:00:00 a. m."
"PET118","01","PINTOR '"B'" (SECTOR PETROLERO) N2","0,51","","3/1/2024 12:00:00 a. m."
"PET119","01","PLOMERO (SECTOR PETROLERO) N5","0,51","","3/1/2024 12:00:00 a. m."
"PET120","01","PLOMERO AYUDANTE (SECTOR PETROLERO) N2","0,51","","3/1/2024 12:00:00 a. m."
"PET121","01","REPAR. EQUIPO COMUNICACION '"A'" (SECT. PE","0,51","","3/1/2024 12:00:00 a. m."
"PET122","01","REPAR. EQUIPO COMUNICACION '"B'" (SECT. PE","0,51","","3/1/2024 12:00:00 a. m."
"PET123","01","REPAR. EQUIPO COMUNICACION '"C'" (SECT. PE","0,51","","3/1/2024 12:00:00 a. m."
"PET124","01","REPAR. EQUIPO COMUNICACION AYUD. (SECT. ","0,51","","3/1/2024 12:00:00 a. m."
"PET125","01","REPARADOR DE POZO DE PRODUCCION (SECT PE","0,51","","3/1/2024 12:00:00 a. m."
"PET126","01","REVISOR DE POZO DE PRODUCCION (SECTOR PE","0,51","","3/1/2024 12:00:00 a. m."
"PET127","01","SOLDADOR '"A'" (SECTOR PETROLERO) N10","0,51","","3/1/2024 12:00:00 a. m."
"PET128","01","SOLDADOR '"B'" (SECTOR PETROLERO) N8","0,51","","3/1/2024 12:00:00 a. m."
"PET129","01","SOLDADOR '"C'" (SECTOR PETROLERO) N6","0,51","","3/1/2024 12:00:00 a. m."
"PET130","01","SOLDADOR AYUDANTE (SECTOR PETROLERO) N3","0,51","","3/1/2024 12:00:00 a. m."
"PET131","01","SOPLADOR/SAMBLASISTA SANDBLASTING (SECT ","0,51","","3/1/2024 12:00:00 a. m."
"PET132","01","TIMONEL (SECTOR PETROLERO) N4","0,51","","3/1/2024 12:00:00 a. m."
"PET133","01","VIGILANTE '"A'" (SECTOR PETROLERO) N6","0,51","","3/1/2024 12:00:00 a. m."
"PET134","01","VIGILANTE '"B'" (SECTOR PETROLERO) N5","0,51","","3/1/2024 12:00:00 a. m."
"PET135","01","MANTENEDOR INST. DE REFINERIA (SECT PETR","0,51","","3/1/2024 12:00:00 a. m."
"PET136","01","OPERADOR EQUIPO LIMP. POZOS '"B'" (SECT PE","0,51","","3/1/2024 12:00:00 a. m."
"PET137","01","OPERADOR DE VIBROCOMPACTADORA (SECT PETR","0,51","","3/1/2024 12:00:00 a. m."
"PET138","01","ALBAÑIL REFRACTARIO (SECTOR PETROLERO) N","0,51","","3/1/2024 12:00:00 a. m."
"PET139","01","ANDAMIERO (SECTOR PETROLERO) N7","0,51","","3/1/2024 12:00:00 a. m."
"PET140","01","APAREJADOR EQUIPO IZAMIENTO CARGA (SECT ","0,51","","3/1/2024 12:00:00 a. m."
"PET141","01","OPER. DE MOVIMIENTO DE PETROLEO (SECTOR ","0,51","","3/1/2024 12:00:00 a. m."
"PET142","01","OPERADOR PAVIMENTADORA FINISHER (SECT PE","0,51","","3/1/2024 12:00:00 a. m."
"PET143","01","OPERARIO PROYECTISTA REFRACTARIO (SECT P","0,51","","3/1/2024 12:00:00 a. m."
"PET144","01","OPERADOR DE PLANTA '"C'" (SECTOR PETROLERO","0,51","","3/1/2024 12:00:00 a. m."
"PET145","01","OPERADOR DE PLANTA '"D'" (SECTOR PETROLERO","0,51","","3/1/2024 12:00:00 a. m."
"PET146","01","OPERADOR DE PLANTA '"E'" (SECTOR PETROLERO","0,51","","3/1/2024 12:00:00 a. m."
"PET147","01","PERFORADOR SISMOGRAFO MECANIZADO (SECT P","0,51","","3/1/2024 12:00:00 a. m."
"PET148","01","REPARADOR CABLE SISMOGRAFICO (SEC PETROL","0,51","","3/1/2024 12:00:00 a. m."
"PET149","01","PERFORADOR SISMOGRAFO PORTATIL (SECT PET","0,51","","3/1/2024 12:00:00 a. m."
"PET150","01","TAQUEADOR SISMOGRAFICO (SECTOR PETROLERO","0,51","","3/1/2024 12:00:00 a. m."
"PET151","01","TUBERO FABRICADOR AYUDANTE (SECTOR PETRO","0,51","","3/1/2024 12:00:00 a. m."
"PET152","01","CHOFER CAMION 350 (SECTOR PETROLERO) N5","0,51","","3/1/2024 12:00:00 a. m."
"PET153","01","CHOFER SISMOGRAFICO (SECTOR PETROLERO) N","0,51","","3/1/2024 12:00:00 a. m."
"PET154","01","ESPESORISTA (SECTOR PETROLERO) N3","0,51","","3/1/2024 12:00:00 a. m."
"PET155","01","FABRICADOR DE TUBERIA (SECTOR PETROLERO)","0,51","","3/1/2024 12:00:00 a. m."
"PET156","01","ARMADOR/FABRICADOR '"A'" (SECTOR PETROLERO","0,51","","3/1/2024 12:00:00 a. m."
"PET157","01","ARMADOR/FABRICADOR '"B'" (SECTOR PETROLERO","0,51","","3/1/2024 12:00:00 a. m."
"PET158","01","ARMADOR/FABRICADOR AYUDANTE (SECTOR PETR","0,51","","3/1/2024 12:00:00 a. m."
"PET159","01","ARMADOR/FABRICADOR '"C'" (SECTOR PETROLERO","0,51","","3/1/2024 12:00:00 a. m."
"PET160","01","AYUDANTE BUZO INDUSTRIAL (SECTOR PETROLE","0,51","","3/1/2024 12:00:00 a. m."
"PET161","01","CHEQUEADOR DE SISMOGRAFO (SECTOR PETROLE","0,51","","3/1/2024 12:00:00 a. m."
"PET162","01","CHOFER TRANSP. DE COMBUSTIBLE (SECT PETR","0,51","","3/1/2024 12:00:00 a. m."
"PET163","01","DISPARADOR SISMOGRAFICO (SECTOR PETROLER","0,51","","3/1/2024 12:00:00 a. m."
"PET164","01","ELECTRICISTA DE MANTENIMIENTO A (SECTOR ","0,51","","3/1/2024 12:00:00 a. m."
"PET165","01","ELECTRICISTA DE MANTENIMIENTO B (SECTOR ","0,51","","3/1/2024 12:00:00 a. m."
"PET166","01","ELECTRICISTA DE MANTENIMIENTO C (SECT PE","0,51","","3/1/2024 12:00:00 a. m."
"PET167","01","ELECTRICISTA DE MONTAJE (SECTOR PETROLER","0,51","","3/1/2024 12:00:00 a. m."
"PET168","01","ELECTRICISTA LINIERO (SECTOR PETROLERO) ","0,51","","3/1/2024 12:00:00 a. m."
"PET169","01","ELECTRICISTA REBOBINADOR (SECTOR PETROLE","0,51","","3/1/2024 12:00:00 a. m."
"PET170","01","INSTRUMENTISTA DE MONTAJE (SECT PETROLER","0,51","","3/1/2024 12:00:00 a. m."
"PET171","01","LATONERO (SECTOR PETROLERO) N8","0,51","","3/1/2024 12:00:00 a. m."
"PET172","01","MARTILLERO (SECTOR PETROLERO) N3","0,51","","3/1/2024 12:00:00 a. m."
"PET173","01","MECANICO DIESEL '"A'" (SECTOR PETROLERO) N","0,51","","3/1/2024 12:00:00 a. m."
"PET174","01","MECANICO DIESEL '"B'" (SECTOR PETROLERO) N","0,51","","3/1/2024 12:00:00 a. m."
"PET175","01","MECANICO DIESEL '"C'" (SECTOR PETROLERO) N","0,51","","3/1/2024 12:00:00 a. m."
"PET176","01","MONTADOR (SECTOR PETROLERO) N5","0,51","","3/1/2024 12:00:00 a. m."
"PET177","01","MONTADOR/TRAZADOR (SECTOR PETROLERO) N6","0,51","","3/1/2024 12:00:00 a. m."
"PET178","01","OPERADOR DE CAMIONES DE VACIO (SECTOR PE","0,51","","3/1/2024 12:00:00 a. m."
"PET179","01","OPERADOR DE CARGADOR FRONTAL (SECT PETRO","0,51","","3/1/2024 12:00:00 a. m."
"PET180","01","OPERADOR DE COMPACTADORA (SECT PETROLERO","0,51","","3/1/2024 12:00:00 a. m."
"PET181","01","OPERADOR COMPACTAD. PATA CABRA (SECT PET","0,51","","3/1/2024 12:00:00 a. m."
"PET182","01","OPERADOR EQUIPOS ALTA PRESION AGUA (SEC ","0,51","","3/1/2024 12:00:00 a. m."
"PET183","01","OPERADOR DE EXCAVADORA JUMBO (SECT PETRO","0,51","","3/1/2024 12:00:00 a. m."
"PET184","01","OPERADOR GAMMAGRAFIA INDUSTRIAL (SECT PE","0,51","","3/1/2024 12:00:00 a. m."
"PET185","01","OPERADOR DE GRUA BRAZO ARTICULADO (SEC P","0,51","","3/1/2024 12:00:00 a. m."
"PET186","01","OPERADOR DE GRUA CABRESTANTE (SEC PETROL","0,51","","3/1/2024 12:00:00 a. m."
"PET187","01","OPERADOR DE GRUA CARRY LIFT (SEC PETROLE","0,51","","3/1/2024 12:00:00 a. m."
"PET188","01","OPERADOR GRUA CELOSIA HASTA 100 TN (SEC ","0,51","","3/1/2024 12:00:00 a. m."
"PET189","01","OPERADOR GRUA CELOSIA HASTA 200 TN (SEC ","0,51","","3/1/2024 12:00:00 a. m."
"PET190","01","OPERADOR GRUA CELOSIA HASTA 300 TN (SEC ","0,51","","3/1/2024 12:00:00 a. m."
"PET191","01","OPERAD. GRUA CELOSIA HASTA 400 TN (SEC P","0,51","","3/1/2024 12:00:00 a. m."
"PET192","01","OPER. GRUA CELOSIA HASTA 500 TN (SEC PET","0,51","","3/1/2024 12:00:00 a. m."
"PET193","01","OPER. GRUA CELOSIA GABARRA 100 T (SEC PE","0,51","","3/1/2024 12:00:00 a. m."
"PET194","01","OPER. GRUA CELOSIA GABARRA 200 T (SEC PE","0,51","","3/1/2024 12:00:00 a. m."
"PET195","01","OPER. GRUA CELOSIA GABARRA 300 T (SEC PE","0,51","","3/1/2024 12:00:00 a. m."
"PET196","01","OPER GRUA CELOSIA GABARRA < 400 T (SEC P","0,51","","3/1/2024 12:00:00 a. m."
"PET197","01","OPER GRUA IZADO DE PERSONAS (SEC PETROL)","0,51","","3/1/2024 12:00:00 a. m."
"PET198","01","OPERADOR DE GRUA PUENTE (SEC PETROL) N8","0,51","","3/1/2024 12:00:00 a. m."
"PET199","01","OPER. GRUA TELESCOPICA HASTA 140 T (SEC ","0,51","","3/1/2024 12:00:00 a. m."
"PET200","01","OPERADOR GRUA TELESCOPICA < 300 T (SEC P","0,51","","3/1/2024 12:00:00 a. m."
"PET201","01","OPER. GRUA TELESCOPICA HASTA 50 TN (SEC ","0,51","","3/1/2024 12:00:00 a. m."
"PET202","01","OPER. GRUA TELESCOPICA HASTA 75 TN (SEC ","0,51","","3/1/2024 12:00:00 a. m."
"PET203","01","OPER GRUA TELESCOPICA GABARRA 100 T (SEC","0,51","","3/1/2024 12:00:00 a. m."
"PET204","01","OPER GRUA TELESCOPICA GABARRA 200 T (SEC","0,51","","3/1/2024 12:00:00 a. m."
"PET205","01","OPER GRUA TELESCOPICA GABARRA 300 T(SEC ","0,51","","3/1/2024 12:00:00 a. m."
"PET206","01","OPER GRUA TELESCOPICA GABARRA < 400 T(SE","0,51","","3/1/2024 12:00:00 a. m."
"PET207","01","OPERADOR DE GRUA TORRE (SECTOR PETROLERO","0,51","","3/1/2024 12:00:00 a. m."
"PET208","01","OPER LLENADO COMBUSTIBLE LIQUIDO (SEC PE","0,51","","3/1/2024 12:00:00 a. m."
"PET209","01","OPER DE MAQUINAS HERRAMIENTAS '"A'" (SEC P","0,51","","3/1/2024 12:00:00 a. m."
"PET210","01","OPER DE MAQUINAS HERRAMIENTAS '"B'" (SEC P","0,51","","3/1/2024 12:00:00 a. m."
"PET211","01","OPERADOR MAQUINAS HERRAMIENTAS '"C'" (SEC ","0,51","","3/1/2024 12:00:00 a. m."
"PET212","01","OPERADOR MONTACARGA 8 TON (SECT PETROLER","0,51","","3/1/2024 12:00:00 a. m."
"PET213","01","OPERADOR DE MOTONIVELADORA (SECT PETROLE","0,51","","3/1/2024 12:00:00 a. m."
"PET214","01","OPERADOR DE MOTOSIERRA (SECT PETROLERO) ","0,51","","3/1/2024 12:00:00 a. m."
"PET215","01","OPERADOR DE MOTOTRAILLA (SECT PETROLERO)","0,51","","3/1/2024 12:00:00 a. m."
"PET216","01","OPERADOR DE PERFILADORA (SECT PETROLERO)","0,51","","3/1/2024 12:00:00 a. m."
"PET217","01","MALLERO SISMOGRAFICO (SECTOR PETROLERO) ","0,51","","3/1/2024 12:00:00 a. m."
"PET218","01","MECANICO '"A'" (SECTOR PETROLERO) N9","0,51","","3/1/2024 12:00:00 a. m."
"PET219","01","MECANICO '"B'" (SECTOR PETROLERO) N8","0,51","","3/1/2024 12:00:00 a. m."
"PET220","01","MECANICO INSTRUM. '"A'" (SECTOR PETROLERO)","0,51","","3/1/2024 12:00:00 a. m."
"PET221","01","MECANICO INSTRUM. '"B'" (SECTOR PETROLERO)","0,51","","3/1/2024 12:00:00 a. m."
"PET222","01","MECANICO INSTRUM. AYUDANTE (SECTOR PETRO","0,51","","3/1/2024 12:00:00 a. m."
"PET223","01","MOTOSIERRISTA SISMOGRAFICO (SECTOR PETRO","0,51","","3/1/2024 12:00:00 a. m."
"PET224","01","OBRERO BANDERILLERO (SECTOR PETROLERO) N","0,51","","3/1/2024 12:00:00 a. m."
"PET225","01","OPERADOR DE BRAZO HIDRAULICO (SEC PETROL","0,51","","3/1/2024 12:00:00 a. m."
"PET226","01","OPERADOR DE PAYLOADER (SEC PETROLERO) N7","0,51","","3/1/2024 12:00:00 a. m."
"PET227","01","OPERADOR DE PATROL (SEC PETROLERO) N7","0,51","","3/1/2024 12:00:00 a. m."
"PET228","01","OPERADOR EXCAVADOR/RETRO (SECTOR PETROLE","0,51","","3/1/2024 12:00:00 a. m."
"PET229","01","OPERADOR TRACTOR AGRICOLA (SECTOR PETROL","0,51","","3/1/2024 12:00:00 a. m."
"PET230","01","OBRERO MARTILLERO  (SECTOR PETROLERO) N6","0,51","","3/1/2024 12:00:00 a. m."
"PET231","01","OPERADOR EQUIPO WINCHES (SEC PETROLERO) ","0,51","","3/1/2024 12:00:00 a. m."
"PET232","01","OPERADOR MONTACARGA HAST 12TON (SECT PET","0,51","","3/1/2024 12:00:00 a. m."
"PET233","01","ELECTROMECANICO EQUIPO PESADO (SECTOR PE","0,51","","3/1/2024 12:00:00 a. m."
"PET234","01","RASTRILLERO /PALERO DE ASFALTO (SECTOR P","0,51","","3/1/2024 12:00:00 a. m."
"PET235","01","MECANICO ELECTROMECANICO '"A'" (SECTOR PET","0,51","","3/1/2024 12:00:00 a. m."
"PET236","01","MECANICO '"C'" (SECTOR PETROLERO) N6","0,51","","3/1/2024 12:00:00 a. m."
"PET237","01","CHOFER DE AMBULANCIA (SECTOR PETROLERO) ","0,51","","3/1/2024 12:00:00 a. m."
"PET238","01","ELECTRICISTA MONTAJE TUBERO  (SECTOR PET","0,51","","3/1/2024 12:00:00 a. m."
"PET239","01","REPAR. EQUIPO AIRE ACOND. DE 1RA (SECT. ","0,51","","3/1/2024 12:00:00 a. m."
"PET240","01","OPERADOR EQUIPO AGUA A PRESION (SECTOR P","0,51","","3/1/2024 12:00:00 a. m."
"PET241","01","REPAR. EQUIPO AIRE ACOND. DE 2DA (SECT. ","0,51","","3/1/2024 12:00:00 a. m."
"PET242","01","TOPOGRAFO (SECTOR PETROLERO) N8","0,51","","3/1/2024 12:00:00 a. m."
"PET243","01","TORNERO  (SECTOR PETROLERO) N6","0,51","","3/1/2024 12:00:00 a. m."
"PQV001","01","OPERADOR DE PLANTA DE 1RA - PEQUIVEN G3","0,51","","3/1/2024 12:00:00 a. m."
"PQV002","01","OPERADOR DE PLANTA DE 2DA - PEQUIVEN G4","0,51","","3/1/2024 12:00:00 a. m."
"PQV003","01","OPERADOR DE PLANTA DE 3RA - PEQUIVEN G5","0,51","","3/1/2024 12:00:00 a. m."
"PQV004","01","OPERADOR DE GRUA - PEQUIVEN G1","0,51","","3/1/2024 12:00:00 a. m."
"PQV005","01","OPERADOR DE MAQUINAS PESADAS DE 1RA - PE","0,51","","3/1/2024 12:00:00 a. m."
"PQV006","01","OPERADOR DE MAQUINAS PESADAS DE 2DA - PE","0,51","","3/1/2024 12:00:00 a. m."
"PQV007","01","OPERADOR DE MUELLES DE 1RA - PEQUIVEN G7","0,51","","3/1/2024 12:00:00 a. m."
"PQV008","01","OPERADOR DE MUELLES DE 2DA - PEQUIVEN G8","0,51","","3/1/2024 12:00:00 a. m."
"PQV009","01","SOLDADOR ARGONERO - PEQUIVEN G1","0,51","","3/1/2024 12:00:00 a. m."
"PQV010","01","OPERADOR DE TALLER MECANICO DE 1RA - PEQ","0,51","","3/1/2024 12:00:00 a. m."
"PQV011","01","OPERADOR DE TALLER MECANICO DE 2DA - PEQ","0,51","","3/1/2024 12:00:00 a. m."
"PQV012","01","OPERADOR DE TALLER MECANICO DE 3RA - PEQ","0,51","","3/1/2024 12:00:00 a. m."
"PQV013","01","EQUIPO DE LIMPIEZA DE 1RA - PEQUIVEN G7","0,51","","3/1/2024 12:00:00 a. m."
"PQV014","01","EQUIPO DE LIMPIEZA DE 2DA - PEQUIVEN G8","0,51","","3/1/2024 12:00:00 a. m."
"PQV015","01","AISLADOR DE 1RA - PEQUIVEN G6","0,51","","3/1/2024 12:00:00 a. m."
"PQV016","01","AISLADOR DE 2DA - PEQUIVEN G8","0,51","","3/1/2024 12:00:00 a. m."
"PQV017","01","ALBAÑIL REFRACTARIO - PEQUIVEN G2","0,51","","3/1/2024 12:00:00 a. m."
"PQV018","01","CONST./FABR. ESTRUCT METALICA - PEQUIVEN","0,51","","3/1/2024 12:00:00 a. m."
"PQV021","01","INSTRUMENTISTA DE 1RA - PEQUIVEN G1","0,51","","3/1/2024 12:00:00 a. m."
"PQV022","01","INSTRUMENTISTA DE 2DA - PEQUIVEN G2","0,51","","3/1/2024 12:00:00 a. m."
"PQV023","01","INSTRUMENTISTA DE 3RA - PEQUIVEN G3","0,51","","3/1/2024 12:00:00 a. m."
"PQV024","01","ELECTRICISTA DE 1RA - PEQUIVEN G1","0,51","","3/1/2024 12:00:00 a. m."
"PQV025","01","ELECTRICISTA DE 2DA - PEQUIVEN G2","0,51","","3/1/2024 12:00:00 a. m."
"PQV026","01","ELECTRICISTA DE 3RA - PEQUIVEN G3","0,51","","3/1/2024 12:00:00 a. m."
"PQV027","01","TORNERO - PEQUIVEN G1","0,51","","3/1/2024 12:00:00 a. m."
"PQV028","01","MECANICO DE 1RA - PEQUIVEN G1","0,51","","3/1/2024 12:00:00 a. m."
"PQV029","01","MECANICO DE 2DA - PEQUIVEN G3","0,51","","3/1/2024 12:00:00 a. m."
"PQV030","01","MECANICO DE 3RA - PEQUIVEN G4","0,51","","3/1/2024 12:00:00 a. m."
"PQV031","01","SOLDADOR DE 1RA - PEQUIVEN G1","0,51","","3/1/2024 12:00:00 a. m."
"PQV032","01","SOLDADOR DE 2DA - PEQUIVEN G3","0,51","","3/1/2024 12:00:00 a. m."
"PQV033","01","SOLDADOR DE 3RA - PEQUIVEN G4","0,51","","3/1/2024 12:00:00 a. m."
"PQV034","01","ARMADOR DE TUBERIA Y ANDAMIO DE 1RA - PE","0,51","","3/1/2024 12:00:00 a. m."
"PQV035","01","ARMADOR DE TUBERIA Y ANDAMIO DE 2DA - PE","0,51","","3/1/2024 12:00:00 a. m."
"PQV036","01","ARMADOR DE TUBERIA Y ANDAMIO DE 3RA - PE","0,51","","3/1/2024 12:00:00 a. m."
"PQV037","01","INSPECTOR SIAHO T4 - PEQUIVEN G1","0,51","","3/1/2024 12:00:00 a. m."
"PQV038","01","CAPATAZ - PEQUIVEN G1","0,51","","3/1/2024 12:00:00 a. m."
"PQV039","01","SOPLADOR / SAMBLACISTA - PEQUIVEN G8","0,51","","3/1/2024 12:00:00 a. m."
"PQV040","01","DESPACHADOR MAQUINAS Y HERRAMIENTAS - PE","0,51","","3/1/2024 12:00:00 a. m."
"PQV041","01","BOMBERO INDUSTRIAL DE 1RA - PEQUIVEN G3","0,51","","3/1/2024 12:00:00 a. m."
"PQV042","01","BOMBERO INDUSTRIAL DE 2DA - PEQUIVEN G4","0,51","","3/1/2024 12:00:00 a. m."
"PQV043","01","ENFERMERO - PEQUIVEN G1","0,51","","3/1/2024 12:00:00 a. m."
"PQV044","01","CHOFER DE 1RA - PEQUIVEN G4","0,51","","3/1/2024 12:00:00 a. m."
"PQV045","01","CHOFER DE 2DA - PEQUIVEN G5","0,51","","3/1/2024 12:00:00 a. m."
"PQV046","01","REPARADOR AIRE ACONDICIONADO DE 1RA - PE","0,51","","3/1/2024 12:00:00 a. m."
"PQV047","01","REPARADOR AIRE ACONDICIONADO DE 2DA - PE","0,51","","3/1/2024 12:00:00 a. m."
"PQV048","01","ALBAÑIL DE 1RA - PEQUIVEN G2","0,51","","3/1/2024 12:00:00 a. m."
"PQV049","01","ALBAÑIL DE 2DA - PEQUIVEN G3","0,51","","3/1/2024 12:00:00 a. m."
"PQV050","01","CABILLERO - PEQUIVEN G3","0,51","","3/1/2024 12:00:00 a. m."
"PQV051","01","CARPINTERO - PEQUIVEN G3","0,51","","3/1/2024 12:00:00 a. m."
"PQV052","01","PLOMERO DE 1RA - PEQUIVEN G7","0,51","","3/1/2024 12:00:00 a. m."
"PQV053","01","PLOMERO DE 2DA - PEQUIVEN G8","0,51","","3/1/2024 12:00:00 a. m."
"PQV054","01","JARDINERO - PEQUIVEN G11","0,51","","3/1/2024 12:00:00 a. m."
"PQV055","01","LIMPIADOR - PEQUIVEN G10","0,51","","3/1/2024 12:00:00 a. m."
"PQV056","01","MARINERO - PEQUIVEN G9","0,51","","3/1/2024 12:00:00 a. m."
"PQV057","01","MARTILLERO - PEQUIVEN G8","0,51","","3/1/2024 12:00:00 a. m."
"PQV058","01","PATRON DE LANCHAS - PEQUIVEN G3","0,51","","3/1/2024 12:00:00 a. m."
"PQV059","01","MOTORISTA / MAQUINISTA - PEQUIVEN G8","0,51","","3/1/2024 12:00:00 a. m."
"PQV060","01","PINTOR DE 1RA - PEQUIVEN G7","0,51","","3/1/2024 12:00:00 a. m."
"PQV061","01","PINTOR DE 2DA - PEQUIVEN G8","0,51","","3/1/2024 12:00:00 a. m."
"PQV062","01","OBRERO - PEQUIVEN G9","0,51","","3/1/2024 12:00:00 a. m."
"PQV063","01","VIGILANTE / OPERADOR DE PROTECCION - PEQ","0,51","","3/1/2024 12:00:00 a. m."
"PQV064","01","OPERADOR DE LOCOMOTORA DE 1RA - PEQUIVEN","0,51","","3/1/2024 12:00:00 a. m."
"PQV065","01","OPERADOR DE LOCOMOTORA DE 2DA - PEQUIVEN","0,51","","3/1/2024 12:00:00 a. m."
"PQV066","01","OPERADOR DE LOCOMOTORA DE 3RA - PEQUIVEN","0,51","","3/1/2024 12:00:00 a. m."
"PQV067","01","TRENISTA CAMBIADOR DE VIAS FERREAS - PEQ","0,51","","3/1/2024 12:00:00 a. m."
"PQV068","01","MECANICO ESPECIALISTA EN LOCOMOTORAS - P","0,51","","3/1/2024 12:00:00 a. m."
"PQV069","01","MECANICO ESPECIALISTA EN VAGONES - PEQUI","0,51","","3/1/2024 12:00:00 a. m."
"PQV070","01","ELECTRICISTA ESPEC. LOCOMOTORAS - PEQUIV","0,51","","3/1/2024 12:00:00 a. m."
"PQV071","01","INSPECTOR SIAHO T3 - PEQUIVEN G2","0,51","","3/1/2024 12:00:00 a. m."
"PQV072","01","INSPECTOR SIAHO T2 - PEQUIVEN G3","0,51","","3/1/2024 12:00:00 a. m."
"PQV073","01","INSPECTOR SIAHO T1 - PEQUIVEN G4","0,51","","3/1/2024 12:00:00 a. m."
"TAB$01","01","TRABAJADOR CONSTRUCCION NIVEL 1 (N1  VE)","0","","3/1/2024 12:00:00 a. m."
"TAB$02","01","TRABAJADOR CONSTRUCCION NIVEL 2 (N2  VE)","0","","3/1/2024 12:00:00 a. m."
"TAB$03","01","TRABAJADOR CONSTRUCCION NIVEL 3 (N3  VE)","0","","3/1/2024 12:00:00 a. m."
"TAB$04","01","TRABAJADOR CONSTRUCCION NIVEL 4 (N4  VE)","0","","3/1/2024 12:00:00 a. m."
"TAB$05","01","TRABAJADOR CONSTRUCCION NIVEL 5 (N5  VE)","0","","3/1/2024 12:00:00 a. m."
"TAB$06","01","TRABAJADOR CONSTRUCCION NIVEL 6 (N6  VE)","0","","3/1/2024 12:00:00 a. m."
"TAB$07","01","TRABAJADOR CONSTRUCCION NIVEL 7 (N7  VE)","0","","3/1/2024 12:00:00 a. m."
"TAB$08","01","TRABAJADOR CONSTRUCCION NIVEL 8 (N8  VE)","0","","3/1/2024 12:00:00 a. m."
"TAB$09","01","TRABAJADOR CONSTRUCCION NIVEL 9 (N9  VE)","0","","3/1/2024 12:00:00 a. m."
"TABN01","01","TRABAJADOR CONSTRUCCION NIVEL 1","5,24","","3/1/2024 12:00:00 a. m."
"TABN02","01","TRABAJADOR CONSTRUCCION NIVEL 2","5,44","","3/1/2024 12:00:00 a. m."
"TABN03","01","TRABAJADOR CONSTRUCCION NIVEL 3","3,28","","3/1/2024 12:00:00 a. m."
"TABN04","01","TRABAJADOR CONSTRUCCION NIVEL 4","3,83","","3/1/2024 12:00:00 a. m."
"TABN05","01","TRABAJADOR CONSTRUCCION NIVEL 5","4,37","","3/1/2024 12:00:00 a. m."
"TABN06","01","TRABAJADOR CONSTRUCCION NIVEL 6","4,92","","3/1/2024 12:00:00 a. m."
"TABN07","01","TRABAJADOR CONSTRUCCION NIVEL 7","5,46","","3/1/2024 12:00:00 a. m."
"TABN08","01","TRABAJADOR CONSTRUCCION NIVEL 8","6,01","","3/1/2024 12:00:00 a. m."
"TABN09","01","TRABAJADOR CONSTRUCCION NIVEL 9","6,56","","3/1/2024 12:00:00 a. m."
"TABP01","01","TRABAJADOR PETROLERO LIBRE CONTRATACION","3,55","","3/1/2024 12:00:00 a. m."
